title,rule_pre,rule_wp1,cpe_pre,cpe_wp1,dice,margin,decision,lookup_source
Intel(R) Wireless Bluetooth(R) 19.11,M2,M1B,cpe:2.3:a:intel:wireless_bluetooth:19.11:*:*:*:*:*:*:*,cpe:2.3:a:intel:wireless_bluetooth_drivers:19.11:*:*:*:*:*:*:*,0.8571,0.2085,auto,dice
Citrix Workspace(DV) 22.9,M2,M1B,cpe:2.3:a:citrix:workspace\(dv\):22.9:*:*:*:*:*:*:*,cpe:2.3:a:citrix:workspace:22.9:*:*:*:*:*:*:*,0.9333,0.0848,flagged,dice
Siemens Totally Integrated Automation Portal V17 - WinCC Transfer Legacy All Single SetupPackage V17.0 17.00,M2,M1B,cpe:2.3:a:siemens:totally_integrated_automation_portal_v17:17.00:*:*:*:*:wincc_transfer_legacy_all_single_setuppackage:*:*,cpe:2.3:a:siemens:totally_integrated_automation_portal:17.00:*:*:*:*:wincc_transfer_legacy_all_single_setuppackage:*:*,0.963,0.963,auto,dice
Citrix Receiver (DV) 13.1,M2,M1B,cpe:2.3:a:citrix:receiver_\(dv\):13.1:*:*:*:*:*:*:*,cpe:2.3:a:citrix:receiver_dv:13.1:*:*:*:*:*:*:*,0.9091,0.0704,flagged,dice
Intel(R) Network Connections Drivers 21.0,M2,M1B,cpe:2.3:a:intel:network_connections_drivers:21.0:*:*:*:*:*:*:*,cpe:2.3:a:intel:network_connections:21.0:*:*:*:*:*:*:*,0.8627,0.085,flagged,dice
Citrix Receiver (Redirection Flash HDX) 13.1,M2,M1B,cpe:2.3:a:citrix:receiver_\(redirection_flash_hdx\):13.1:*:*:*:*:*:*:*,cpe:2.3:a:citrix:receiver_hdx_flash_redirection:13.1:*:*:*:*:*:*:*,0.8657,0.8657,auto,dice
Microsoft ASP.NET Web Pages 1.0,M2,M1B,cpe:2.3:a:microsoft:asp.net_web_pages_1.0:1.0:*:*:*:*:*:*:*,cpe:2.3:a:microsoft:asp.net_webpages:1.0:*:*:*:*:*:*:*,0.9565,0.2197,auto,dice
AutoCAD Architecture 2020 Shared 8.2,M2,M1B,cpe:2.3:a:autodesk:auto_cad_architecture:8.2:*:*:*:*:*:*:*,cpe:2.3:a:autodesk:autocad_architecture:8.2:*:*:*:*:*:*:*,1.0,0.0714,flagged,dice
SAP BusinessObjects Financial Consolidation Web - Excel Links 10.0,M2,M1A,cpe:2.3:a:sap:businessobjects_financial_consolidation_web_excel_links:10.0:*:*:*:*:excel:*:*,cpe:2.3:a:sap:businessobjects_financial_consolidation:10.0:*:*:*:*:excel:*:*,0.8571,0.2386,auto,dice
Microsoft Lync Basic 2013 15.0,M2,M1B,cpe:2.3:a:microsoft:lync_basic_2013:15.0:*:*:*:*:*:*:*,cpe:2.3:a:microsoft:lync_basic:15.0:*:*:*:*:*:*:*,0.8947,0.1675,auto,dice
Microsoft .NET Core Host - 2.2.4 (x64) 16.144,M2,M1B,cpe:2.3:a:microsoft:.net_core_host:2.2.4:16.144:*:*:*:*:*:*,cpe:2.3:a:microsoft:.net_core:2.2.4:16.144:*:*:*:*:*:*,0.8824,0.0715,flagged,dice
Wondershare Filmora9(Build 9.1.2),M2,M1B,cpe:2.3:a:wondershare:filmora9:9.1.2:*:*:*:*:*:*:*,cpe:2.3:a:wondershare:filmora:9.1.2:*:*:*:*:*:*:*,0.9714,0.3048,auto,dice
Proficy Machine Edition 9.50,M4,M1A,cpe:2.3:a:proficy:machine_edition:9.50:*:*:*:*:machine_edition:*:*,cpe:2.3:a:emerson:proficy_machine_edition:9.50:*:*:*:*:machine_edition:*:*,0.8511,0.8511,auto,dice
SIMATIC WinCC Runtime Advanced V16.0,M4,M1B,cpe:2.3:a:simatic:wincc_runtime_advanced:16.0:*:*:*:*:wincc:*:*,cpe:2.3:a:siemens:simatic_wincc_runtime_advanced:16.0:*:*:*:*:wincc:*:*,0.8814,0.1755,auto,dice
7-Zip 16.04 (x64 edition),M2B,M1A,cpe:2.3:a:7zip:7-zip:16.04:*:*:*:*:x64:*:*,cpe:2.3:a:7-zip:7-zip:16.04:*:*:*:*:x64:*:*,1.0,1.0,auto,alias
Siemens Totally Integrated Automation Portal V13 - HM All Editions Single SetupPackage V13.0 + SP2 13.00,M2,M1B,cpe:2.3:a:siemens:totally_integrated_automation_portal_v13:v13.0:sp2:*:*:*:hm_all_editions_single_setuppackage:*:*,cpe:2.3:a:siemens:totally_integrated_automation_portal:v13.0:sp2:*:*:*:hm_all_editions_single_setuppackage:*:*,0.963,0.963,auto,dice
Microsoft ASP.NET Core 7.0.0 Release Candidate 1 Build rc.1.22427.2 Shared Framework (x64),M2,M1A,cpe:2.3:a:microsoft:aspnetcore:7.0.0:rc.1.22427.2:*:*:*:x64:*:*,cpe:2.3:a:microsoft:asp.net_core:7.0.0:rc.1.22427.2:*:*:*:x64:*:*,1.0,0.125,auto,dice
AutoCAD Architecture 2022 Language Core - Deutsch (German) 8.4,M2,M1B,cpe:2.3:a:autodesk:auto_cad_architecture:8.4:*:*:*:*:*:*:*,cpe:2.3:a:autodesk:autocad_architecture:8.4:*:*:*:*:*:*:*,1.0,0.0714,flagged,dice
Adobe Reader XI (11.0.15),M2,M1A,cpe:2.3:a:adobe:reader_xi:11.0.15:*:*:*:*:*:*:*,cpe:2.3:a:adobe:reader:11.0.15:*:*:*:*:*:*:*,0.9091,0.1683,auto,dice
Siemens Help Server 2.1,M2,M1B,cpe:2.3:a:siemens:help_server:2.1:*:*:*:*:*:*:*,cpe:2.3:a:siemens:plm_help_server:2.1:*:*:*:*:*:*:*,0.8571,0.1475,auto,dice
Microsoft ASP.NET Core 3.1.13 Shared Framework (x64),M2,M1A,cpe:2.3:a:microsoft:aspnetcore:3.1.13:*:*:*:*:x64:*:*,cpe:2.3:a:microsoft:asp.net_core:3.1.13:*:*:*:*:x64:*:*,1.0,0.125,auto,dice
Siemens Totally Integrated Automation Portal V13 - Startdrive Hardware Support Base Package 0 V13.0 13.00,M2,M1B,cpe:2.3:a:siemens:totally_integrated_automation_portal_v13:v13.0:13.00:*:*:*:startdrive_hardware_support_base_package:*:*,cpe:2.3:a:siemens:totally_integrated_automation_portal:v13.0:13.00:*:*:*:startdrive_hardware_support_base_package:*:*,0.963,0.963,auto,dice
Intel® Software Installer 22.170,M2,M1B,cpe:2.3:a:intel:software_installer:22.170:*:*:*:*:*:*:*,cpe:2.3:a:intel:ispc_software_installer:22.170:*:*:*:*:*:*:*,0.8696,0.1462,auto,dice
Microsoft .NET Core 2.2.2 - Windows Server Hosting,M2,M1A,cpe:2.3:a:microsoft:.net_core_2.2.2:2.2.2:*:*:*:*:windows_server_hosting:*:*,cpe:2.3:a:microsoft:.net_core:2.2.2:*:*:*:*:windows_server_hosting:*:*,0.9091,0.0758,flagged,dice
Microsoft.NETCore.App.Runtime.AOT.win-x64.Cross.browser-wasm (x64) 6.0,M2,M1A,cpe:2.3:a:microsoft:netcoreapp60:6.0:*:*:*:*:win-x64-cross-browser-wasm:*:*,cpe:2.3:a:microsoft:.net_core:6.0:*:*:*:*:win-x64-cross-browser-wasm:*:*,0.8571,0.0677,flagged,dice
用于 Windows 应用商店应用的 Microsoft .NET Framework 4.5.1 RC 多目标包(简体中文),M2,M1B,cpe:2.3:a:microsoft:.net_framework_4.5.1_rc:4.5.1_rc:*:*:*:*:windows_application_store_app:*:*,cpe:2.3:a:microsoft:.net_framework:4.5.1_rc:*:*:*:*:windows_application_store_app:*:*,0.8889,0.1992,auto,dice
Microsoft .NET Core Host - 2.1.23 (x86) 16.92,M2,M1A,cpe:2.3:a:microsoft:.net_core_host:2.1.23:16.92:*:*:*:x86:*:*,cpe:2.3:a:microsoft:.net_core:2.1.23:16.92:*:*:*:x86:*:*,0.8824,0.0715,flagged,dice
Siemens Totally Integrated Automation Portal V16 - WinCC Transfer Mandatory Single SetupPackage V16.0 16.00,M2,M1B,cpe:2.3:a:siemens:totally_integrated_automation_portal_v16:16.00:*:*:*:*:wincc_transfer_mandatory_single_setuppackage:*:*,cpe:2.3:a:siemens:totally_integrated_automation_portal:16.00:*:*:*:*:wincc_transfer_mandatory_single_setuppackage:*:*,0.963,0.963,auto,dice
Visual Studio Community 2019 16.10,M2,M1B,cpe:2.3:a:microsoft:visual_studio_community_2019:16.10:*:*:*:*:*:*:*,cpe:2.3:a:microsoft:visual_studio_community:16.10:*:*:*:*:*:*:*,0.9355,0.1285,auto,dice
Apple Mobile Device Support 14.0,M2,M1B,cpe:2.3:a:apple:mobile_device_support:14.0:*:*:*:*:*:*:*,cpe:2.3:a:apple:apple_mobile_device_support:14.0:*:*:*:*:*:*:*,0.8519,0.8519,auto,dice
USB Server 0.11,M4,M1B,cpe:2.3:a:usbserver:usb_server:0.11:*:*:*:*:*:*:*,cpe:2.3:a:userver:userver:0.11:*:*:*:*:*:*:*,0.8667,0.1608,auto,dice
Microsoft .NET Core Host - 2.1.3 Release Candidate 1 (x64) 16.76,M2,M1A,cpe:2.3:a:microsoft:.net_core_host:2.1.3:release_candidate_1:*:*:*:x64:*:*,cpe:2.3:a:microsoft:.net_core:2.1.3:release_candidate_1:*:*:*:x64:*:*,0.8824,0.0715,flagged,dice
Download Manager 1.8,M2B,M1B,cpe:2.3:a:download_manager:download_manager:1.8:*:*:*:*:*:*:*,cpe:2.3:a:wpdownloadmanager:download_manager:1.8:*:*:*:*:*:*:*,0.9667,0.101,auto,dice
Citrix Authentication Manager 7.0,M2,M1C,cpe:2.3:a:citrix:authentication_manager:7.0:*:*:*:*:authentication_manager:*:*,cpe:2.3:a:citrix:authentication_manager:7.0:*:*:*:*:authentication_manager:*:*,0.8163,0.0385,weak,union
WeChat 3.6,M2B,M1A,cpe:2.3:a:wechat:wechat:3.6:*:*:*:*:*:*:*,cpe:2.3:a:weechat:weechat:3.6:*:*:*:*:*:*:*,0.9167,0.25,auto,dice
Citrix Workspace (USB) 22.7,M2,M1B,cpe:2.3:a:citrix:workspace_\(usb\):22.7:*:*:*:*:*:*:*,cpe:2.3:a:citrix:workspace:22.7:*:*:*:*:*:*:*,0.9032,0.0797,flagged,dice
Siemens Totally Integrated Automation Portal V17 - HM All Editions Single SetupPackage 1036 V17.0 17.00,M2,M1B,cpe:2.3:a:siemens:totally_integrated_automation_portal_v17:17.00:*:*:*:*:hm_all_editions_single_setuppackage:*:*,cpe:2.3:a:siemens:totally_integrated_automation_portal:17.00:*:*:*:*:hm_all_editions_single_setuppackage:*:*,0.963,0.963,auto,dice
Siemens Totally Integrated Automation Portal V14 - WinCC Transfer Legacy CAP Single SetupPackage V14.0 + SP1 14.00,M2,M1B,cpe:2.3:a:siemens:totally_integrated_automation_portal_v14:v14.0_\+_sp1_14.00:*:*:*:*:wincc_transfer_legacy_cap_single_setuppackage:*:*,cpe:2.3:a:siemens:totally_integrated_automation_portal:v14.0_\+_sp1_14.00:*:*:*:*:wincc_transfer_legacy_cap_single_setuppackage:*:*,0.963,0.963,auto,dice
Siemens Totally Integrated Automation Portal V14 - HM All Editions Single SetupPackage V14.0 SP1 UPD8 14.00,M2,M1B,cpe:2.3:a:siemens:totally_integrated_automation_portal_v14:14.0_sp1_upd8_14.00:*:*:*:*:hm_all_editions_single_setuppackage:*:*,cpe:2.3:a:siemens:totally_integrated_automation_portal:14.0_sp1_upd8_14.00:*:*:*:*:hm_all_editions_single_setuppackage:*:*,0.963,0.963,auto,dice
Eclipse Temurin JDK with Hotspot 17.0.2+8 (x64),M2,M1B,cpe:2.3:a:eclipse:temurin_jdk:17.0.2\+8:*:*:*:*:x64:*:*,cpe:2.3:a:eclipse:temurin:17.0.2\+8:*:*:*:*:x64:*:*,0.8966,0.8966,auto,dice
Flexi Soft Designer 1.8,M2B,M1B,cpe:2.3:a:flexisoft:designer:1.8:*:*:*:*:*:*:*,cpe:2.3:a:sick:flexi_soft_designer:1.8:*:*:*:*:*:*:*,0.8889,0.2222,auto,dice
SOLIDWORKS eDrawings 2020 SP05 28.50,M2,M1B,cpe:2.3:a:solidworks:edrawings:2020_sp05_28.50:*:*:*:*:*:*:*,cpe:2.3:a:3ds:solidworks_edrawings:2020_sp05_28.50:*:*:*:*:*:*:*,0.9231,0.3231,auto,dice
ThousandEyes Endpoint Agent 1.120,M4,M1B,cpe:2.3:a:thousandseyes:endpoint_agent:1.120:*:*:*:*:*:*:*,cpe:2.3:a:cisco:thousandeyes_endpoint_agent:1.120:*:*:*:*:*:*:*,0.8519,0.209,auto,dice
Adobe Color JA Extra Settings CS4 2.0,M2,M1,cpe:2.3:a:adobe:color_ja_extra_settings_cs4:2.0:*:*:*:*:*:*:*,cpe:2.3:a:adobe:color_extra_settings_cs4:2.0:*:*:*:*:*:*:*,0.8889,0.0654,flagged,dice
Intel Distribution for Python 2.7,M2,M1B,cpe:2.3:a:intel:distribution_for_python_2.7:*:*:*:*:*:*:*:*,cpe:2.3:a:intel:distribution_for_python:*:*:*:*:*:*:*:*,0.9615,0.186,auto,dice
Citrix Receiver(Aero) 14.6,M2,M1B,cpe:2.3:a:citrix:receiver\(aero\):14.6:*:*:*:*:aero:*:*,cpe:2.3:a:citrix:receiver_aero:14.6:*:*:*:*:aero:*:*,0.9189,0.131,auto,dice
Crystal Reports 9 9.2,M2B,M1B,cpe:2.3:a:crystal:reports:9.2:*:*:*:*:*:*:*,cpe:2.3:a:sap:crystal_reports:9.2:*:*:*:*:*:*:*,0.8966,0.1537,auto,dice
Microsoft .NET Framework 4.7 (ESN),M2,M1,cpe:2.3:a:microsoft:.net_framework_4.7:4.7:*:*:*:*:*:*:*,cpe:2.3:a:microsoft:.net_framework:4.7:*:*:*:*:*:*:*,0.8889,0.1992,auto,dice
Microsoft ODBC Driver 17 for SQL Server 17.8,M2,M1B,cpe:2.3:a:microsoft:odbc_driver_17_for_sql_server:17.8:*:*:*:*:sqlserver:*:*,cpe:2.3:a:microsoft:odbc_driver_for_sql_server:17.8:*:*:*:*:sqlserver:*:*,0.8923,0.0615,flagged,dice
System Center 2016 Operations Manager 7.2,M2B,M1B,cpe:2.3:a:system_center:operations_manager:7.2:*:*:*:*:operations_manager:*:*,cpe:2.3:a:microsoft:system_center_operations_manager:7.2:*:*:*:*:operations_manager:*:*,0.8615,0.1659,auto,dice
Crystal Report 2008 Runtime SP6 12.6,M2B,M1B,cpe:2.3:a:crystal:report:2008:sp6_12.6:*:*:*:*:*:*,cpe:2.3:a:sap:crystal_reports:2008:sp6_12.6:*:*:*:*:*:*,0.8571,0.1513,auto,dice
IBM Data Server Client - DB2 10.5,M2,M1B,cpe:2.3:a:ibm:data_server_client_-_db2:10.5:*:*:*:*:db2:*:*,cpe:2.3:a:ibm:data_server_client:10.5:*:*:*:*:db2:*:*,0.8571,0.1633,auto,dice
NI LabWindows/CVI 2020 ActiveX Library 20.00,M2,M1B,cpe:2.3:a:ni:labwindows\/cvi:20.00:*:*:*:*:*:*:*,cpe:2.3:a:ni:labwindows:20.00:*:*:*:*:*:*:*,0.88,0.88,auto,dice
Siemens Totally Integrated Automation Portal V17 - Hardware Support Base Package 03 V17.0 17.00,M2,M1B,cpe:2.3:a:siemens:totally_integrated_automation_portal_v17:v17.0:03:*:*:*:v17:*:*,cpe:2.3:a:siemens:totally_integrated_automation_portal:v17.0:03:*:*:*:v17:*:*,0.963,0.963,auto,dice
Siemens Totally Integrated Automation Portal V14 - WinCC Transfer Legacy All Single SetupPackage V14.0 SP1 UPD4 14.00,M2,M1B,cpe:2.3:a:siemens:totally_integrated_automation_portal_v14:14.0_sp1_upd4_14.00:*:*:*:*:wincc:*:*,cpe:2.3:a:siemens:totally_integrated_automation_portal:14.0_sp1_upd4_14.00:*:*:*:*:wincc:*:*,0.963,0.963,auto,dice
Microsoft FrontPage Client - English 7.00,M2,M1B,cpe:2.3:a:microsoft:frontpage_client:7.00:*:*:*:*:*:*:*,cpe:2.3:a:microsoft:frontpage:7.00:*:*:*:*:*:*:*,0.85,0.1266,auto,dice
Siemens Totally Integrated Automation Portal V16 - HM All Editions Single SetupPackage V16.0 UPD4 16.00,M2,M1B,cpe:2.3:a:siemens:totally_integrated_automation_portal_v16:16.00:upd4:*:*:*:hm_all_editions_single_setuppackage:*:*,cpe:2.3:a:siemens:totally_integrated_automation_portal:16.00:upd4:*:*:*:hm_all_editions_single_setuppackage:*:*,0.963,0.963,auto,dice
Erlang OTP 25.0.3 (13.0.3),M4,M1B,cpe:2.3:a:erlang:otp:25.0.3:13.0.3:*:*:*:*:*:*,cpe:2.3:a:erlang:otp:25.0.3:13.0.3:*:*:*:*:*:*,1.0,1.0,auto,pair
Microsoft .NET Core Host - 2.1.2 (x86) 16.72,M2,M1A,cpe:2.3:a:microsoft:.net_core_host:2.1.2:16.72:*:*:*:x86:*:*,cpe:2.3:a:microsoft:.net_core:2.1.2:16.72:*:*:*:x86:*:*,0.8824,0.0715,flagged,dice
KiCad 5.1.6_1,M2,M1B,cpe:2.3:a:kicad:kicad:5.1.6_1:*:*:*:*:*:*:*,cpe:2.3:a:kicad:kicad_eda:5.1.6_1:*:*:*:*:*:*:*,0.8571,0.8571,auto,dice
Schneider Electric License Manager 2.6,M2B,M1B,cpe:2.3:a:schneider_electric:license_manager:2.6:*:*:*:*:*:*:*,cpe:2.3:a:schneider-electric:floating_license_manager:2.6:*:*:*:*:*:*:*,0.8529,0.0593,flagged,dice
Microsoft ASP.NET MVC 4 - Visual Studio 2013 - CHS 4.1,M2,M1B,cpe:2.3:a:microsoft:asp.net_mvc_4:4.1:*:*:*:*:visual_studio_2013:*:*,cpe:2.3:a:microsoft:asp.net_mvc:4.1:*:*:*:*:visual_studio_2013:*:*,0.9714,0.0964,flagged,dice
Citrix Authentication Manager 12.2,M2,M1C,cpe:2.3:a:citrix:authentication_manager:12.2:*:*:*:*:*:*:*,cpe:2.3:a:citrix:authentication_manager:12.2:*:*:*:*:*:*:*,0.8163,0.0385,weak,union
Siemens Totally Integrated Automation Portal V16 - WinCC Unified ES Single SetupPackage V16.0 UPD6 16.00,M2,M1B,cpe:2.3:a:siemens:totally_integrated_automation_portal_v16:16.00:upd6:*:*:*:wincc_unified_es_single_setuppackage:*:*,cpe:2.3:a:siemens:totally_integrated_automation_portal:16.00:upd6:*:*:*:wincc_unified_es_single_setuppackage:*:*,0.963,0.963,auto,dice
Microsoft .NET Framework 4.7.2 SDK (简体中文),M2,M1,cpe:2.3:a:microsoft:.net_framework_4.7.2_sdk:4.7.2:*:*:*:*:*:*:*,cpe:2.3:a:microsoft:.net_framework:4.7.2:*:*:*:*:*:*:*,0.8696,0.1916,auto,dice
Audacity 2.2.2 DE [PR18940] 1.0,M4,M1B,cpe:2.3:a:audacity:audacity:2.2.2:de:*:*:*:*:*:*,cpe:2.3:a:audacity:audacity:2.2.2:de:*:*:*:*:*:*,1.0,1.0,auto,pair
Microsoft .NET Framework 4.7.1 SDK (简体中文),M2,M1,cpe:2.3:a:microsoft:.net_framework_4.7.1_sdk:4.7.1:*:*:*:*:*:*:*,cpe:2.3:a:microsoft:.net_framework:4.7.1:*:*:*:*:*:*:*,0.8696,0.1916,auto,dice
Quest Software Toad for SQL Server 4.0,M2B,M1B,cpe:2.3:a:quest_software:toad_for_sql_server:4.0:*:*:*:*:sqlserver:*:*,cpe:2.3:a:quest:toad_for_sql_server:4.0:*:*:*:*:sqlserver:*:*,1.0,1.0,auto,alias
Siemens Totally Integrated Automation Portal V14 - WinCC Single SetupPackage V14.0 SP1 UPD7 14.00,M2,M1A,cpe:2.3:a:siemens:totally_integrated_automation_portal_v14:14.0:upd7:*:*:*:wincc:*:*,cpe:2.3:a:siemens:totally_integrated_automation_portal:14.0:upd7:*:*:*:wincc:*:*,0.963,0.963,auto,dice
Schneider Electric - MBX Driver Suite (x64) 9.00,M4,M1B,cpe:2.3:a:schneider_electric:mbx_driver_suite:9.00:*:*:*:*:x64:*:*,cpe:2.3:a:schneider-electric:driver_suite:9.00:*:*:*:*:x64:*:*,0.9123,0.0551,flagged,dice
DameWare Mini Remote Control Service 11.1,M4,M1B,cpe:2.3:a:dameware:mini_remote_control_service:11.1:*:*:*:*:*:*:*,cpe:2.3:a:dameware:mini_remote_control:11.1:*:*:*:*:*:*:*,0.8727,0.0508,flagged,dice
Autodesk AutoCAD Architecture 2021 - English 8.3,M2,M1B,cpe:2.3:a:autodesk:auto_cad_architecture:8.3:*:*:*:*:*:*:*,cpe:2.3:a:autodesk:autocad_architecture:8.3:*:*:*:*:*:*:*,1.0,0.0714,flagged,dice
Microsoft ASP.NET Web Pages 2 - Visual Studio Express 2012 for Web - JPN 4.1,M2,M1B,cpe:2.3:a:microsoft:asp.net_web_pages_2:4.1:*:*:*:*:visual_studio_express_2012_for_web:*:*,cpe:2.3:a:microsoft:asp.net_webpages:4.1:*:*:*:*:visual_studio_express_2012_for_web:*:*,0.9778,0.221,auto,dice
Catalyst Control Center Graphics Previews Common 2017.0130,M2,M1B,cpe:2.3:a:catalyst:control_center_graphics_previews_common:2017.0130:*:*:*:*:*:*:*,cpe:2.3:a:ati:catalyst_control_center_graphics_previews_common:2017.0130:*:*:*:*:*:*:*,0.8842,0.1183,auto,dice
Microsoft ASP.NET Core 6.0.6 - Shared Framework (x86),M2,M1A,cpe:2.3:a:microsoft:aspnetcore:6.0.6:*:*:*:*:x86:*:*,cpe:2.3:a:microsoft:asp.net_core:6.0.6:*:*:*:*:x86:*:*,1.0,0.125,auto,dice
Autodesk AutoCAD Mechanical 2017 - English 21.0,M2,M1B,cpe:2.3:a:autodesk:auto_cad_mechanical:21.0:*:*:*:*:autocad:*:*,cpe:2.3:a:autodesk:autocad_mechanical:21.0:*:*:*:*:autocad:*:*,1.0,0.2195,auto,dice
HP Support Solutions Framework 12.5,M2,M1B,cpe:2.3:a:hp:support_solutions_framework:12.5:*:*:*:*:*:*:*,cpe:2.3:a:hp:support_solution_framework:12.5:*:*:*:*:*:*:*,0.8889,0.2614,auto,dice
Audacity 2.3.0,M4,M1B,cpe:2.3:a:audacity:audacity:2.3.0:*:*:*:*:audacity:*:*,cpe:2.3:a:audacity:audacity:2.3.0:*:*:*:*:audacity:*:*,1.0,1.0,auto,pair
NI System Configuration Runtime 17.0.0 17.00,M2,M1B,cpe:2.3:a:ni:system_configuration_runtime:17.0.0:*:*:*:*:ni:*:*,cpe:2.3:a:ni:system_configuration:17.0.0:*:*:*:*:ni:*:*,0.8511,0.2473,auto,dice
Apple Application Support 3.0,M2,M1B,cpe:2.3:a:apple:application_support:3.0:*:*:*:*:*:*:*,cpe:2.3:a:apple:apple_application_support:3.0:*:*:*:*:*:*:*,0.8627,0.1627,auto,dice
Microsoft Groove MUI (Chinese (Traditional)) 2013 15.0,M2,M1B,cpe:2.3:a:microsoft:groove_mui:15.0:*:*:*:*:*:*:*,cpe:2.3:a:microsoft:groove:15.0:*:*:*:*:*:*:*,0.9032,0.1465,auto,dice
Microsoft ASP.NET Core 6.0.4 - Shared Framework (x64),M2,M1A,cpe:2.3:a:microsoft:aspnetcore:6.0.4:*:*:*:*:x64:*:*,cpe:2.3:a:microsoft:asp.net_core:6.0.4:*:*:*:*:x64:*:*,1.0,0.125,auto,dice
AutoCAD Mechanical 2017 - Deutsch (German) 21.0,M2,M1B,cpe:2.3:a:autodesk:auto_cad_mechanical:21.0:*:*:*:*:*:*:*,cpe:2.3:a:autodesk:autocad_mechanical:21.0:*:*:*:*:*:*:*,1.0,0.2195,auto,dice
Audacity 2.3.2,M4,M1B,cpe:2.3:a:audacity:audacity:2.3.2:*:*:*:*:*:*:*,cpe:2.3:a:audacity:audacity:2.3.2:*:*:*:*:*:*:*,1.0,1.0,auto,pair
Adobe Premiere Pro CC 2015 9.2,M2,M1B,cpe:2.3:a:adobe:premiere_pro_cc_2015:9.2:*:*:*:*:*:*:*,cpe:2.3:a:adobe:premiere_pro_cc:9.2:*:*:*:*:*:*:*,0.85,0.0605,flagged,dice
Citrix Workspace (DV) 22.7,M2,M1B,cpe:2.3:a:citrix:workspace_\(dv\):22.7:*:*:*:*:*:*:*,cpe:2.3:a:citrix:workspace:22.7:*:*:*:*:*:*:*,0.9333,0.0848,flagged,dice
Siemens Totally Integrated Automation Portal V13 - SIMATIC S7-PLCSIM V13.0 + SP2 13.00,M2,M1B,cpe:2.3:a:siemens:totally_integrated_automation_portal_v13:13.0:sp2:*:*:*:s7-plcsim:*:*,cpe:2.3:a:siemens:totally_integrated_automation_portal:13.0:sp2:*:*:*:s7-plcsim:*:*,0.963,0.963,auto,dice
Firebird 2.0.3,M4,M1B,cpe:2.3:a:firebird:firebird:2.0.3:*:*:*:*:*:*:*,cpe:2.3:a:firebird:firebird:2.0.3:*:*:*:*:*:*:*,1.0,1.0,auto,pair
March Networks Command Client Plug-in 1.4,M2,M1B,cpe:2.3:a:marchnetworks:command_client_plug-in:1.4:*:*:*:*:*:*:*,cpe:2.3:a:marchnetworks:command_client:1.4:*:*:*:*:*:*:*,0.8621,0.8621,auto,dice
Microsoft .NET Framework 4.7 (KOR),M2,M1,cpe:2.3:a:microsoft:.net_framework_4.7:4.7:*:*:*:*:*:*:*,cpe:2.3:a:microsoft:.net_framework:4.7:*:*:*:*:*:*:*,0.8889,0.1992,auto,dice
Microsoft ASP.NET Core 3.1.30 - Shared Framework (x64),M2,M1A,cpe:2.3:a:microsoft:asp.net_core_3.1.30:3.1.30:*:*:*:*:x64:*:*,cpe:2.3:a:microsoft:asp.net_core:3.1.30:*:*:*:*:x64:*:*,0.9,0.1222,auto,dice
用于 SSMS LangPack 的 Visual Studio 2017 Shell (独立) - 简体中文 15.0,M2,M1A,cpe:2.3:a:microsoft:visual_studio_2017_shell:15.0:*:*:*:*:ssms:*:*,cpe:2.3:a:microsoft:visual_studio_2017:15.0:*:*:*:*:ssms:*:*,0.9057,0.0893,flagged,dice
Autodesk AutoCAD LT 2017 - English 21.0,M2,M1B,cpe:2.3:a:autodesk:auto_cad_lt:21.0:*:*:*:*:autocad:*:*,cpe:2.3:a:autodesk:autocad_lt:21.0:*:*:*:*:autocad:*:*,1.0,0.0667,flagged,dice
Intel(R) Network Connections 25.4,M2,M1B,cpe:2.3:a:intel:network_connections_25.4:25.4:*:*:*:*:*:*:*,cpe:2.3:a:intel:network_connections:25.4:*:*:*:*:*:*:*,0.875,0.0515,flagged,dice
Citrix Receiver(SSON) 14.4,M2,M1B,cpe:2.3:a:citrix:receiver\(sson\):14.4:*:*:*:*:sson:*:*,cpe:2.3:a:citrix:receiver_sson:14.4:*:*:*:*:sson:*:*,0.9189,0.131,auto,dice
NI LabWindows/CVI 8.5.0 Run-Time Engine,M2,M1B,cpe:2.3:a:ni:labwindows\/cvi:8.5.0:*:*:*:*:*:*:*,cpe:2.3:a:ni:labwindows:8.5.0:*:*:*:*:*:*:*,0.88,0.88,auto,dice
Microsoft .NET Core Host - 3.1.12 (x64) 24.112,M2,M1A,cpe:2.3:a:microsoft:.net_core_host:3.1.12:24.112:*:*:*:*:*:*,cpe:2.3:a:microsoft:.net_core:3.1.12:24.112:*:*:*:*:*:*,0.8824,0.0715,flagged,dice
Siemens Totally Integrated Automation Portal V16 - WinCC Transfer Mandatory Single SetupPackage V16.0 UPD5 16.00,M2,M1B,cpe:2.3:a:siemens:totally_integrated_automation_portal_v16:16.00:upd5:*:*:*:wincc:*:*,cpe:2.3:a:siemens:totally_integrated_automation_portal:16.00:upd5:*:*:*:wincc:*:*,0.963,0.963,auto,dice
WeChat 2.9,M2B,M1,cpe:2.3:a:wechat:wechat:2.9:*:*:*:*:*:*:*,cpe:2.3:a:weechat:weechat:2.9:*:*:*:*:*:*:*,0.9167,0.25,auto,dice
Vijeo Designer Ver. 6.2 Service Pack 3.1 6.20,M2B,M1A,cpe:2.3:a:vijeo:designer:6.2:3.1:*:*:*:*:*:*,cpe:2.3:a:se:vijeo_designer:6.2:3.1:*:*:*:*:*:*,0.9231,0.3077,auto,dice
Microsoft .NET Core Host - 2.1.30 (x64) 16.120,M2,M1A,cpe:2.3:a:microsoft:.net_core_host:2.1.30:16.120:*:*:*:*:*:*,cpe:2.3:a:microsoft:.net_core:2.1.30:16.120:*:*:*:*:*:*,0.8824,0.0715,flagged,dice
Apache Tomcat 9.0 SAPACA_Tomcat9 (remove only),M2,M1B,cpe:2.3:a:apache:tomcat9:9.0:sapa_tomcat9:*:*:*:sapaca_tomcat9:*:*,cpe:2.3:a:apache:tomcat:9.0:sapa_tomcat9:*:*:*:sapaca_tomcat9:*:*,0.9565,0.1979,auto,dice
Microsoft Azure CLI 2.7,M4,M1B,cpe:2.3:a:microsoft:azure_cli:2.7:*:*:*:*:*:*:*,cpe:2.3:a:microsoft:azure_cli:2.7:*:*:*:*:*:*:*,1.0,1.0,auto,pair
Irfan View 4.2.8 1.0,M2,M1B,cpe:2.3:a:irfanview:i_rfan_view_4.2.8_1.0:4.2.8:1.0:*:*:*:*:*:*,cpe:2.3:a:irfanview:irfanview:4.2.8:1.0:*:*:*:*:*:*,0.8718,0.1327,auto,dice
Catalyst Control Center Localization All 2017.0130,M2,M1B,cpe:2.3:a:catalyst:control_center_localization_all:2017.0130:*:*:*:*:*:*:*,cpe:2.3:a:ati:catalyst_control_center_localization:2017.0130:*:*:*:*:*:*:*,0.9143,0.1557,auto,dice
IC Capture 2.5,M2B,M1C,cpe:2.3:a:ic:capture:2.5:*:*:*:*:*:*:*,cpe:2.3:a:ic:capture:2.5:*:*:*:*:*:*:*,0.6,0.6,weak,union
Quest Software Toad for SQL Server 5.0,M2B,M1B,cpe:2.3:a:quest_software:toad_for_sql_server:5.0:*:*:*:*:sqlserver:*:*,cpe:2.3:a:quest:toad_for_sql_server:5.0:*:*:*:*:sqlserver:*:*,1.0,1.0,auto,alias
Microsoft .NET Framework 4.7 (RUS),M2,M1,cpe:2.3:a:microsoft:.net_framework_4.7:4.7:*:*:*:*:*:*:*,cpe:2.3:a:microsoft:.net_framework:4.7:*:*:*:*:*:*:*,0.8889,0.1992,auto,dice
Microsoft .NET Framework 4.6.2 Developer Pack,M2,M1B,cpe:2.3:a:microsoft:.net_framework_4.6.2_developer_pack:4.6.2:*:*:*:*:*:*:*,cpe:2.3:a:microsoft:.net_framework_developer_pack:4.6.2:*:*:*:*:*:*:*,0.9275,0.2133,auto,dice
Microsoft Azure CLI 2.3,M4,M1B,cpe:2.3:a:microsoft:azure_cli:2.3:*:*:*:*:azurecli:*:*,cpe:2.3:a:microsoft:azure_cli:2.3:*:*:*:*:azurecli:*:*,1.0,1.0,auto,pair
HP Lights-Out Configuration Utility 1.5,M2,M1B,cpe:2.3:a:hp:lights-out_configuration_utility:1.5:*:*:*:*:*:*:*,cpe:2.3:a:hp:lights-out_online_configuration_utility:1.5:*:*:*:*:*:*:*,0.8529,0.1633,auto,dice
Autodesk AutoCAD Plant 3D 2022 Private 13.0,M2,M1B,cpe:2.3:a:autodesk:auto_cad_plant_3d:13.0:*:*:*:*:plant_3d:*:*,cpe:2.3:a:autodesk:autocad_plant_3d:13.0:*:*:*:*:plant_3d:*:*,1.0,0.2,auto,dice
Johnson Controls - Metasys System Configuration Tool 13.2,M3,M1,cpe:2.3:a:johnson_controls:metasys_system_configuration_tool:13.2:*:*:*:*:*:*:*,cpe:2.3:a:johnsoncontrols:metasys_system_configuration_tool:13.2:*:*:*:*:*:*:*,1.0,1.0,auto,alias
Quest Software Toad for Data Analysts 2.5.1,M2B,M1B,cpe:2.3:a:quest_software:toad_for_data_analysts:2.5.1:*:*:*:*:*:*:*,cpe:2.3:a:quest:toad_for_data_analysts:2.5.1:*:*:*:*:*:*:*,1.0,1.0,auto,alias
Siemens Totally Integrated Automation Portal V15.1 - WinCC Transfer Mandatory Single SetupPackage V15.1 UPD3 15.01,M2,M1A,cpe:2.3:a:siemens:totally_integrated_automation_portal_v15.1:15.1:upd3_15.01:*:*:*:wincc:*:*,cpe:2.3:a:siemens:totally_integrated_automation_portal:15.1:upd3_15.01:*:*:*:wincc:*:*,0.9512,0.9512,auto,dice
Microsoft ASP.NET MVC 4 - Visual Studio 2012 Tools - ENU 4.1,M2,M1B,cpe:2.3:a:microsoft:aspnetmvc4:4.1:*:*:*:*:visualstudio2012tools:*:*,cpe:2.3:a:microsoft:asp.net_mvc:4.1:*:*:*:*:visualstudio2012tools:*:*,0.9714,0.0964,flagged,dice
Software Intel® PROSet/Wireless 20.80,M2B,M1B,cpe:2.3:a:software_intel:proset\/wireless:20.80:*:*:*:*:*:*:*,cpe:2.3:a:intel:proset\/wireless_software:20.80:*:*:*:*:*:*:*,0.8929,0.1353,auto,dice
Microsoft Word 2016 - en-us.proof 16.0,M2,M1B,cpe:2.3:a:microsoft:word_2016:16.0:*:*:*:*:*:*:*,cpe:2.3:a:microsoft:word:16.0:*:*:*:*:*:*:*,0.8571,0.0571,flagged,dice
Microsoft .NET Core 2.2.5 - Windows Server Hosting,M2,M1A,cpe:2.3:a:microsoft:.net_core_2.2.5:2.2.5:*:*:*:*:windows_server_hosting:*:*,cpe:2.3:a:microsoft:.net_core:2.2.5:*:*:*:*:windows_server_hosting:*:*,0.9091,0.0758,flagged,dice
SAS Enterprise Guide 8.3 (32-bit),M2,M1B,cpe:2.3:a:sas:enterprise_guide:8.3:*:*:*:*:32-bit:*:*,cpe:2.3:a:sas:sas_enterprise_guide:8.3:*:*:*:*:32-bit:*:*,0.9189,0.2523,auto,dice
Citrix Workspace(USB) 22.9,M2,M1B,cpe:2.3:a:citrix:workspace\(usb\):22.9:*:*:*:*:*:*:*,cpe:2.3:a:citrix:workspace:22.9:*:*:*:*:*:*:*,0.9032,0.0797,flagged,dice
Flexi Soft Designer 1.5,M2B,M1B,cpe:2.3:a:flexisoft:designer:1.5:*:*:*:*:*:*:*,cpe:2.3:a:sick:flexi_soft_designer:1.5:*:*:*:*:*:*:*,0.8889,0.2222,auto,dice
AutoCAD LT 2013 - Deutsch (German) 19.0,M2,M1B,cpe:2.3:a:autodesk:autocad_lt_2013:19.0:*:*:*:*:*:*:*,cpe:2.3:a:autodesk:autocad_lt:19.0:*:*:*:*:*:*:*,0.8889,0.0654,flagged,dice
HP ProLiant iLO 3 Management Controller Package 3.3,M2,M1B,cpe:2.3:a:hp:proliant_ilo_3_management_controller_package:3.3:*:*:*:*:*:*:*,cpe:2.3:a:hp:proliant_ilo_management_controller_package:3.3:*:*:*:*:*:*:*,0.9383,0.9383,auto,dice
Microsoft .NET Core Host - 2.1.22 (x64) 16.88,M2,M1A,cpe:2.3:a:microsoft:.net_core_host:2.1.22:16.88:*:*:*:*:*:*,cpe:2.3:a:microsoft:.net_core:2.1.22:16.88:*:*:*:*:*:*,0.8824,0.0715,flagged,dice
7-Zip 22.01,M2B,M1,cpe:2.3:a:7zip:7-zip:22.01:*:*:*:*:*:*:*,cpe:2.3:a:7-zip:7-zip:22.01:*:*:*:*:*:*:*,1.0,1.0,auto,alias
Microsoft ASP.NET Core 3.1.13 Shared Framework (x86),M2,M1A,cpe:2.3:a:microsoft:aspnetcore:3.1.13:*:*:*:*:x86:*:*,cpe:2.3:a:microsoft:asp.net_core:3.1.13:*:*:*:*:x86:*:*,1.0,0.125,auto,dice
"Siemens Totally Integrated Automation Portal V16 - SINAMICS Startdrive G130, G150, S120, S150, SINAMICS MV V16.0 + Upd5 16.00",M2,M1B,"cpe:2.3:a:siemens:totally_integrated_automation_portal_v16:v16.0:upd5_16.00:*:*:*:sinaics_startdrive_g130\,_g150\,_s120\,_s150\,_sinaics_mv_v16.0:*:*","cpe:2.3:a:siemens:totally_integrated_automation_portal:v16.0:upd5_16.00:*:*:*:sinaics_startdrive_g130\,_g150\,_s120\,_s150\,_sinaics_mv_v16.0:*:*",0.963,0.963,auto,dice
DB2 Runtime Client 9.7 Fixpack 5 1.0,M4,M1B,cpe:2.3:a:db2:runtime_client:9.7_fixpack_5_1.0:*:*:*:*:*:*:*,cpe:2.3:a:ibm:db2_runtime_client:9.7_fixpack_5_1.0:*:*:*:*:*:*:*,0.9091,0.3091,auto,dice
KeePass Password Safe 2.22 1.0,M4,M1B,cpe:2.3:a:keepsafe:keeypass_safe:2.22_1.0:*:*:*:*:*:*:*,cpe:2.3:a:keepass:password_safe:2.22_1.0:*:*:*:*:*:*:*,0.878,0.878,auto,dice
Eclipse Temurin JDK with Hotspot 11.0.13+8 (x64),M2,M1B,cpe:2.3:a:eclipse:temurin_jdk:11.0.13\+:*:*:*:*:x64:*:*,cpe:2.3:a:eclipse:temurin:11.0.13\+:*:*:*:*:x64:*:*,0.8966,0.8966,auto,dice
Microsoft SQL Server 2008 Management Studio 10.3,M2,M1B,cpe:2.3:a:microsoft:sql_server_2008_management_studio:10.3:*:*:*:*:*:*:*,cpe:2.3:a:microsoft:sql_server_management_studio:10.3:*:*:*:*:*:*:*,0.8767,0.1725,auto,dice
Microsoft .NET Framework 4.6.1 (HEB),M2,M1,cpe:2.3:a:microsoft:.net_framework_4.6.1:4.6.1:*:*:*:*:*:*:*,cpe:2.3:a:microsoft:.net_framework:4.6.1:*:*:*:*:*:*:*,0.8696,0.1916,auto,dice
AutoCAD Mechanical 2018 - Deutsch (German) 22.0,M2,M1B,cpe:2.3:a:autodesk:auto_cad_mechanical:22.0:*:*:*:*:*:*:*,cpe:2.3:a:autodesk:autocad_mechanical:22.0:*:*:*:*:*:*:*,1.0,0.2195,auto,dice
Microsoft Azure CLI 2.32,M4,M1B,cpe:2.3:a:microsoft:azure_cli:2.32:*:*:*:*:*:*:*,cpe:2.3:a:microsoft:azure_cli:2.32:*:*:*:*:*:*:*,1.0,1.0,auto,pair
Microsoft .NET Framework 4.6.1 Developer Pack (PTB),M2,M1B,cpe:2.3:a:microsoft:.net_framework_4.6.1_developer_pack:4.6.1:ptb:*:*:*:*:*:*,cpe:2.3:a:microsoft:.net_framework_developer_pack:4.6.1:ptb:*:*:*:*:*:*,0.8889,0.2109,auto,dice
EpsonNet Print 3.1,M2B,M1B,cpe:2.3:a:epsonnet:print:3.1:*:*:*:*:*:*:*,cpe:2.3:a:epson:net_print:3.1:*:*:*:*:*:*:*,0.9231,0.2274,auto,dice
Fiddler 2.6,M2B,M1B,cpe:2.3:a:fiddler:fiddler:2.6:*:*:*:*:*:*:*,cpe:2.3:a:fiddler2:fiddler2:2.6:*:*:*:*:*:*:*,0.8571,0.2418,auto,dice
Intel(R) Wireless Bluetooth(R) 19.40,M2,M1B,cpe:2.3:a:intel:wireless_bluetooth:19.40:*:*:*:*:*:*:*,cpe:2.3:a:intel:wireless_bluetooth_drivers:19.40:*:*:*:*:*:*:*,0.8571,0.2085,auto,dice
Attachmate Reflection 2014 15.6,M2,M1B,cpe:2.3:a:attachmate:reflection:15.6:*:*:*:*:*:*:*,cpe:2.3:a:attachmate:reflection_x:15.6:*:*:*:*:*:*:*,0.9744,0.0906,flagged,dice
Message Server 8.1,M2B,M1B,cpe:2.3:a:message:server:8.1:*:*:*:*:*:*:*,cpe:2.3:a:sap:message_server:8.1:*:*:*:*:*:*:*,0.8889,0.2222,auto,dice
Intel(R) Network Connections Drivers 26.4,M2,M1B,cpe:2.3:a:intel:network_connections_drivers:26.4:*:*:*:*:*:*:*,cpe:2.3:a:intel:network_connections:26.4:*:*:*:*:*:*:*,0.8627,0.085,flagged,dice
ArcGIS Desktop 10.8.2,M2B,M1B,cpe:2.3:a:arcgis:desktop:10.8.2:*:*:*:*:arcgis:*:*,cpe:2.3:a:esri:arcgis_desktop:10.8.2:*:*:*:*:arcgis:*:*,0.8571,0.2571,auto,dice
Siemens Totally Integrated Automation Portal V13 - SIMATIC S7-PLCSIM V13.0 + SP1 + Upd1 13.00,M2,M1B,cpe:2.3:a:siemens:totally_integrated_automation_portal_v13:13.00:sp1\+upd1:*:*:*:s7-plcsim:*:*,cpe:2.3:a:siemens:totally_integrated_automation_portal:13.00:sp1\+upd1:*:*:*:s7-plcsim:*:*,0.963,0.963,auto,dice
Apple Mobile Device Support 8.0,M2,M1B,cpe:2.3:a:apple:mobile_device_support:8.0:*:*:*:*:mobiledevice:*:*,cpe:2.3:a:apple:apple_mobile_device_support:8.0:*:*:*:*:mobiledevice:*:*,0.8679,0.8679,auto,dice
NI System Configuration Runtime 21.0.0 21.00,M2,M1B,cpe:2.3:a:ni:system_configuration_runtime:21.0.0:*:*:*:*:ni:*:*,cpe:2.3:a:ni:system_configuration:21.0.0:*:*:*:*:ni:*:*,0.8511,0.2473,auto,dice
SAS Enterprise Guide 7.1 (64-bit) - he Resources 7.120,M2,M1B,cpe:2.3:a:sas:enterprise_guide:7.1:120:*:*:*:windows:*:*,cpe:2.3:a:sas:sas_enterprise_guide:7.1:120:*:*:*:windows:*:*,0.9189,0.2523,auto,dice
Autodesk AutoCAD Electrical 2015 - English 12.0,M2,M1B,cpe:2.3:a:autodesk:auto_cad_electrical:12.0:*:*:*:*:autocad:*:*,cpe:2.3:a:autodesk:autocad_electrical:12.0:*:*:*:*:autocad:*:*,1.0,0.25,auto,dice
Microsoft .NET Framework 4.5,M2,M1,cpe:2.3:a:microsoft:.net_framework_4.5:4.5:*:*:*:*:*:*:*,cpe:2.3:a:microsoft:.net_framework:4.5:*:*:*:*:*:*:*,0.9524,0.2251,auto,dice
Microsoft Edge Beta 105.0,M2,M1B,cpe:2.3:a:microsoft:edge_beta:105.0:*:*:*:*:*:*:*,cpe:2.3:a:microsoft:edge:105.0:*:*:*:*:*:*:*,0.8571,0.1513,auto,dice
